hash,path,created,modified,filesize,count,action
051ad0975b0fe42a381722d027364ef4,../Photos2 copy/Photos copy 3/New Folder With Items 5/New Folder With Items 6/eac82624-d4e2-4108-9e15-8b27f59b0627.jpg,2020-04-09 23:54:07,2020-04-07 15:13:46,189866,1,keep
051ad0975b0fe42a381722d027364ef4,../Photos2 copy/Photos copy/New Folder With Items 5/New Folder With Items 6/eac82624-d4e2-4108-9e15-8b27f59b0627.jpg,2020-04-09 23:54:20,2020-04-07 15:13:46,189866,1,delete
0659c025cdb6e3afbcecb8ddeb52ff7e,../Photos2 copy/Photos copy 3/New Folder With Items 5/DSC_0022.jpg,2020-04-09 23:54:07,2020-04-07 19:58:50,65256,1,Keep
0659c025cdb6e3afbcecb8ddeb52ff7e,../Photos2 copy/Photos copy/New Folder With Items 5/DSC_0022.jpg,2020-04-09 23:54:20,2020-04-07 19:58:50,65256,1,delete
07f63c2ed334d6e3c31d13f4030156ed,../Photos2 copy/Photos copy 3/New Folder With Items/92f5ab2f-15b2-4175-a08d-06c7f66c0e28.jpg,2020-04-09 23:54:08,2020-04-07 15:13:26,201558,1,Keep
07f63c2ed334d6e3c31d13f4030156ed,../Photos2 copy/Photos copy/New Folder With Items/92f5ab2f-15b2-4175-a08d-06c7f66c0e28.jpg,2020-04-09 23:54:21,2020-04-07 15:13:26,201558,1,delete
0ba6b27dad449cbad5d3dbb883902909,../Photos2 copy/Photos copy 3/New Folder With Items 4/DSC_0031.jpg,2020-04-09 23:54:08,2020-04-07 20:02:18,69456,1,Keep
0ba6b27dad449cbad5d3dbb883902909,../Photos2 copy/Photos copy/New Folder With Items 4/DSC_0031.jpg,2020-04-09 23:54:20,2020-04-07 20:02:18,69456,1,delete
0d854a374daae737aab4ab7c6e111836,../Photos2 copy/Photos copy 3/New Folder With Items 5/New Folder With Items 6/DSC_0059.jpg,2020-04-09 23:54:07,2020-04-07 20:11:46,71659,1,Keep
0d854a374daae737aab4ab7c6e111836,../Photos2 copy/Photos copy/New Folder With Items 5/New Folder With Items 6/DSC_0059.jpg,2020-04-09 23:54:20,2020-04-07 20:11:46,71659,1,delete
112871ca99a2476614f08688781adb96,../Photos2 copy/Photos copy 3/New Folder With Items 3/DSC_0051.jpg,2020-04-09 23:54:07,2020-04-07 20:09:36,69259,1,Keep
112871ca99a2476614f08688781adb96,../Photos2 copy/Photos copy/New Folder With Items 3/DSC_0051.jpg,2020-04-09 23:54:20,2020-04-07 20:09:36,69259,1,delete
12c112a63d8262703301c74c49940045,../Photos2 copy/Photos copy 3/New Folder With Items 2/DSC_0012.jpg,2020-04-09 23:54:07,2020-04-07 19:51:00,33318,1,Keep
12c112a63d8262703301c74c49940045,../Photos2 copy/Photos copy/New Folder With Items 2/DSC_0012.jpg,2020-04-09 23:54:20,2020-04-07 19:51:00,33318,1,delete
135a0a7b2f5eece7ce53c6fbb26e9cd9,../Photos2 copy/New Folder With Items 2/7612e4ee-b49a-46d2-94d9-fbc234c71b2e.jpg,2020-04-09 23:53:44,2020-04-07 14:38:28,110598,1,Keep
135a0a7b2f5eece7ce53c6fbb26e9cd9,../Photos2 copy/Photos copy 3/New Folder With Items/7612e4ee-b49a-46d2-94d9-fbc234c71b2e.jpg,2020-04-09 23:54:08,2020-04-07 14:38:28,110598,1,delete
135a0a7b2f5eece7ce53c6fbb26e9cd9,../Photos2 copy/Photos copy/New Folder With Items/7612e4ee-b49a-46d2-94d9-fbc234c71b2e.jpg,2020-04-09 23:54:21,2020-04-07 14:38:28,110598,1,delete
146bd4489ce261c4ef72f027a0661673,../Photos2 copy/Photos copy 3/New Folder With Items 5/.DS_Store,2020-04-09 23:54:07,2020-04-09 18:38:53,6148,1,Keep
146bd4489ce261c4ef72f027a0661673,../Photos2 copy/Photos copy/New Folder With Items 5/.DS_Store,2020-04-09 23:54:20,2020-04-09 18:38:53,6148,1,delete
146c9e6eeb5dcc832ce308f3524174ed,../Photos2 copy/Photos copy 3/New Folder With Items 4/DSC_0034.jpg,2020-04-09 23:54:08,2020-04-07 20:03:10,65778,1,Keep
146c9e6eeb5dcc832ce308f3524174ed,../Photos2 copy/Photos copy/New Folder With Items 4/DSC_0034.jpg,2020-04-09 23:54:21,2020-04-07 20:03:10,65778,1,delete
19955317d33ba5a598a10a30fae60a86,../Photos2 copy/Photos copy 3/New Folder With Items 3/DSC_0046.jpg,2020-04-09 23:54:07,2020-04-07 20:08:12,70517,1,Keep
19955317d33ba5a598a10a30fae60a86,../Photos2 copy/Photos copy/New Folder With Items 3/DSC_0046.jpg,2020-04-09 23:54:20,2020-04-07 20:08:12,70517,1,delete
21e1de528846733d78e3565a91145e3e,../Photos2 copy/Photos copy 3/New Folder With Items/6c5f2221-f892-45b2-a14c-e51a18dd5141.jpg,2020-04-09 23:54:08,2020-04-07 15:13:46,272356,1,Keep
21e1de528846733d78e3565a91145e3e,../Photos2 copy/Photos copy/New Folder With Items/6c5f2221-f892-45b2-a14c-e51a18dd5141.jpg,2020-04-09 23:54:21,2020-04-07 15:13:46,272356,1,delete
26a0390b1f215273625dd637e992b3fc,../Photos2 copy/Photos copy 3/New Folder With Items 4/DSC_0038.jpg,2020-04-09 23:54:08,2020-04-07 20:05:16,65707,1,Keep
26a0390b1f215273625dd637e992b3fc,../Photos2 copy/Photos copy/New Folder With Items 4/DSC_0038.jpg,2020-04-09 23:54:21,2020-04-07 20:05:16,65707,1,delete
28948013ab5bc9247f7078faa9a5dc7e,../Photos2 copy/Photos copy 3/New Folder With Items 5/New Folder With Items 6/DSC_0060.jpg,2020-04-09 23:54:07,2020-04-07 20:12:18,79554,1,Keep
28948013ab5bc9247f7078faa9a5dc7e,../Photos2 copy/Photos copy/New Folder With Items 5/New Folder With Items 6/DSC_0060.jpg,2020-04-09 23:54:20,2020-04-07 20:12:18,79554,1,delete
2ce0738fb3a0787942c97a0c07d25c2c,../Photos2 copy/Photos copy 3/New Folder With Items 4/DSC_0056 copy.jpg,2020-04-09 23:54:08,2020-04-07 20:10:48,70536,1,Keep
2ce0738fb3a0787942c97a0c07d25c2c,../Photos2 copy/Photos copy 3/New Folder With Items 4/DSC_0056.jpg,2020-04-09 23:54:08,2020-04-07 20:10:48,70536,1,delete
2ce0738fb3a0787942c97a0c07d25c2c,../Photos2 copy/Photos copy/New Folder With Items 4/DSC_0056 copy.jpg,2020-04-09 23:54:20,2020-04-07 20:10:48,70536,1,delete
2ce0738fb3a0787942c97a0c07d25c2c,../Photos2 copy/Photos copy/New Folder With Items 4/DSC_0056.jpg,2020-04-09 23:54:21,2020-04-07 20:10:48,70536,1,delete
30563046cfffb5be09ae4000120bd43e,../Photos2 copy/Photos copy 3/New Folder With Items/1c9043cd-8194-415b-ad96-c0ad6dc7c1cd.jpg,2020-04-09 23:54:08,2020-04-08 12:51:30,107826,1,Keep
30563046cfffb5be09ae4000120bd43e,../Photos2 copy/Photos copy/New Folder With Items/1c9043cd-8194-415b-ad96-c0ad6dc7c1cd.jpg,2020-04-09 23:54:21,2020-04-08 12:51:30,107826,1,delete
318180663ad5fd5b3934f8753737ddfe,../Photos2 copy/Photos copy 3/New Folder With Items 2/baa5b56e-232b-4384-a338-8493ec7c0118.jpg,2020-04-09 23:54:07,2020-04-07 15:13:46,244885,1,Keep
318180663ad5fd5b3934f8753737ddfe,../Photos2 copy/Photos copy/New Folder With Items 2/baa5b56e-232b-4384-a338-8493ec7c0118.jpg,2020-04-09 23:54:20,2020-04-07 15:13:46,244885,1,delete
335fdbe789920ca82042127eaa14ca67,../Photos2 copy/Photos copy 3/New Folder With Items 2/c656577a-5e6e-4937-bdd3-e21efe0a7e24.jpg,2020-04-09 23:54:07,2020-04-08 12:51:30,111627,1,Keep
335fdbe789920ca82042127eaa14ca67,../Photos2 copy/Photos copy/New Folder With Items 2/c656577a-5e6e-4937-bdd3-e21efe0a7e24.jpg,2020-04-09 23:54:20,2020-04-08 12:51:30,111627,1,delete
374f0604be4b276c023e330f409d2a7b,../Photos2 copy/Photos copy 3/New Folder With Items/639a58cd-e467-4187-91fe-35c71cc86970.jpg,2020-04-09 23:54:08,2020-04-08 19:08:52,45155,1,Keep
374f0604be4b276c023e330f409d2a7b,../Photos2 copy/Photos copy/New Folder With Items/639a58cd-e467-4187-91fe-35c71cc86970.jpg,2020-04-09 23:54:21,2020-04-08 19:08:52,45155,1,delete
396145b7d321a421958ba89a96b4a9db,../Photos2 copy/Photos copy 3/New Folder With Items 4/DSC_0036.jpg,2020-04-09 23:54:08,2020-04-07 20:03:32,65208,1,Keep
396145b7d321a421958ba89a96b4a9db,../Photos2 copy/Photos copy/New Folder With Items 4/DSC_0036.jpg,2020-04-09 23:54:20,2020-04-07 20:03:32,65208,1,delete
39dcd2016ecf916db52a4679e1025705,../Photos2 copy/Photos copy 3/New Folder With Items 5/New Folder With Items 6/DSC_0058.jpg,2020-04-09 23:54:07,2020-04-07 20:11:30,71765,1,Keep
39dcd2016ecf916db52a4679e1025705,../Photos2 copy/Photos copy/New Folder With Items 5/New Folder With Items 6/DSC_0058.jpg,2020-04-09 23:54:20,2020-04-07 20:11:30,71765,1,delete
3dbca5fb258ad43a76ffa60c4fd30016,../Photos2 copy/Photos copy 3/New Folder With Items 3/DSC_0053.jpg,2020-04-09 23:54:07,2020-04-07 20:10:12,80261,1,Keep
3dbca5fb258ad43a76ffa60c4fd30016,../Photos2 copy/Photos copy/New Folder With Items 3/DSC_0053.jpg,2020-04-09 23:54:20,2020-04-07 20:10:12,80261,1,delete
3de7b9abf96c6d35aad1c9f9448bf60c,../Photos2 copy/Photos copy 3/New Folder With Items 3/DSC_0049.jpg,2020-04-09 23:54:08,2020-04-07 20:09:08,59963,1,Keep
3de7b9abf96c6d35aad1c9f9448bf60c,../Photos2 copy/Photos copy/New Folder With Items 3/DSC_0049.jpg,2020-04-09 23:54:20,2020-04-07 20:09:08,59963,1,delete
419dcf5f39be85bd23fd353392177f4c,../Photos2 copy/Photos copy 3/New Folder With Items 3/DSC_0055.jpg,2020-04-09 23:54:07,2020-04-07 20:10:34,70212,1,Keep
419dcf5f39be85bd23fd353392177f4c,../Photos2 copy/Photos copy/New Folder With Items 3/DSC_0055.jpg,2020-04-09 23:54:20,2020-04-07 20:10:34,70212,1,delete
44add77c64bf950e1fb696e590d19e54,../Photos2 copy/Photos copy 3/New Folder With Items 2/bba3efd0-b586-4569-8347-a825e9026bf2.jpg,2020-04-09 23:54:07,2020-04-07 11:34:16,156754,1,Keep
44add77c64bf950e1fb696e590d19e54,../Photos2 copy/Photos copy/New Folder With Items 2/bba3efd0-b586-4569-8347-a825e9026bf2.jpg,2020-04-09 23:54:20,2020-04-07 11:34:16,156754,1,delete
48a6c440d1c26d1892712c149d643d9a,../Photos2 copy/Photos copy 3/New Folder With Items 3/DSC_0054.jpg,2020-04-09 23:54:07,2020-04-07 20:10:22,68611,1,Keep
48a6c440d1c26d1892712c149d643d9a,../Photos2 copy/Photos copy/New Folder With Items 3/DSC_0054.jpg,2020-04-09 23:54:20,2020-04-07 20:10:22,68611,1,delete
4d0c606b822f16e97762a413b3e102c6,../Photos2 copy/Photos copy 3/New Folder With Items/634fb9e9-4ca6-4ff3-a2d2-4ee81cfbde85.jpg,2020-04-09 23:54:08,2020-04-07 11:34:38,158673,1,Keep
4d0c606b822f16e97762a413b3e102c6,../Photos2 copy/Photos copy/New Folder With Items/634fb9e9-4ca6-4ff3-a2d2-4ee81cfbde85.jpg,2020-04-09 23:54:21,2020-04-07 11:34:38,158673,1,delete
4d8c40e515d43b15a2dd6f826fdd1163,../Photos2 copy/Photos copy 3/New Folder With Items 5/DSC_0019.jpg,2020-04-09 23:54:07,2020-04-07 19:55:54,49553,1,Keep
4d8c40e515d43b15a2dd6f826fdd1163,../Photos2 copy/Photos copy/New Folder With Items 5/DSC_0019.jpg,2020-04-09 23:54:20,2020-04-07 19:55:54,49553,1,delete
4e42cef2c4b28c4505c19e78dbe7440a,../Photos2 copy/Photos copy 3/New Folder With Items 3/DSC_0052.jpg,2020-04-09 23:54:07,2020-04-07 20:09:56,61050,1,Keep
4e42cef2c4b28c4505c19e78dbe7440a,../Photos2 copy/Photos copy/New Folder With Items 3/DSC_0052.jpg,2020-04-09 23:54:20,2020-04-07 20:09:56,61050,1,delete
5860d01ae109b58b1b8074151e761ab2,../Photos2 copy/Photos copy 3/New Folder With Items/4e2f0422-1f2c-4935-bddb-28bd2e62709b.jpg,2020-04-09 23:54:08,2020-04-08 12:51:30,104887,1,Keep
5860d01ae109b58b1b8074151e761ab2,../Photos2 copy/Photos copy/New Folder With Items/4e2f0422-1f2c-4935-bddb-28bd2e62709b.jpg,2020-04-09 23:54:21,2020-04-08 12:51:30,104887,1,delete
587ad22de54c92dc1963f14f33cfa753,../Photos2 copy/Photos copy 3/New Folder With Items 5/New Folder With Items 6/DSC_0015.jpg,2020-04-09 23:54:07,2020-04-07 19:53:10,44352,1,Keep
587ad22de54c92dc1963f14f33cfa753,../Photos2 copy/Photos copy/New Folder With Items 5/New Folder With Items 6/DSC_0015.jpg,2020-04-09 23:54:20,2020-04-07 19:53:10,44352,1,delete
5b0e3e1f32ff833792ebbf1df9d8db8b,../Photos2 copy/Photos copy 3/New Folder With Items 3/DSC_0048.jpg,2020-04-09 23:54:08,2020-04-07 20:09:00,71890,1,Keep
5b0e3e1f32ff833792ebbf1df9d8db8b,../Photos2 copy/Photos copy/New Folder With Items 3/DSC_0048.jpg,2020-04-09 23:54:20,2020-04-07 20:09:00,71890,1,delete
5b3a6eb998ad242072d9dc4202fa160c,../Photos2 copy/Photos copy 3/New Folder With Items 2/2284685a-3f6e-4794-970d-cb5f140ca63e.jpg,2020-04-09 23:54:07,2020-04-07 15:13:26,182103,1,Keep
5b3a6eb998ad242072d9dc4202fa160c,../Photos2 copy/Photos copy/New Folder With Items 2/2284685a-3f6e-4794-970d-cb5f140ca63e.jpg,2020-04-09 23:54:20,2020-04-07 15:13:26,182103,1,delete
5f27466e92caf57a930058b683ad5f7e,../Photos2 copy/Photos copy 3/.DS_Store,2020-04-09 23:54:07,2020-04-09 18:38:53,8196,1,Keep
5f27466e92caf57a930058b683ad5f7e,../Photos2 copy/Photos copy/.DS_Store,2020-04-09 23:54:20,2020-04-09 18:38:53,8196,1,delete
63cd64bf1f1a67dfd7a8351712c2abd3,../Photos2 copy/Photos copy 3/New Folder With Items 5/DSC_0021.jpg,2020-04-09 23:54:07,2020-04-07 19:56:24,48939,1,Keep
63cd64bf1f1a67dfd7a8351712c2abd3,../Photos2 copy/Photos copy/New Folder With Items 5/DSC_0021.jpg,2020-04-09 23:54:20,2020-04-07 19:56:24,48939,1,delete
683d7efc80e910a2691880ca0ad9d059,../Photos2 copy/Photos copy 3/New Folder With Items 5/DSC_0024.jpg,2020-04-09 23:54:07,2020-04-07 19:59:50,66840,1,Keep
683d7efc80e910a2691880ca0ad9d059,../Photos2 copy/Photos copy/New Folder With Items 5/DSC_0024.jpg,2020-04-09 23:54:20,2020-04-07 19:59:50,66840,1,delete
689a4e61ff572cb10ca471fb58004df1,../Photos2 copy/Photos copy 3/New Folder With Items 5/DSC_0018.jpg,2020-04-09 23:54:07,2020-04-07 19:54:48,49677,1,Keep
689a4e61ff572cb10ca471fb58004df1,../Photos2 copy/Photos copy/New Folder With Items 5/DSC_0018.jpg,2020-04-09 23:54:20,2020-04-07 19:54:48,49677,1,delete
6af5d6b04da03951ec4a3e60a2852c16,../Photos2 copy/Photos copy 3/New Folder With Items 3/DSC_0043.jpg,2020-04-09 23:54:08,2020-04-07 20:07:04,70198,1,Keep
6af5d6b04da03951ec4a3e60a2852c16,../Photos2 copy/Photos copy/New Folder With Items 3/DSC_0043.jpg,2020-04-09 23:54:20,2020-04-07 20:07:04,70198,1,delete
6bcb3dd1f6148d9c388d32953b7a030c,../Photos2 copy/Photos copy 3/New Folder With Items 4/DSC_0042 copy.jpg,2020-04-09 23:54:08,2020-04-07 20:06:46,68808,1,Keep
6bcb3dd1f6148d9c388d32953b7a030c,../Photos2 copy/Photos copy 3/New Folder With Items 4/DSC_0042.jpg,2020-04-09 23:54:08,2020-04-07 20:06:46,68808,1,delete
6bcb3dd1f6148d9c388d32953b7a030c,../Photos2 copy/Photos copy/New Folder With Items 4/DSC_0042 copy.jpg,2020-04-09 23:54:21,2020-04-07 20:06:46,68808,1,delete
6bcb3dd1f6148d9c388d32953b7a030c,../Photos2 copy/Photos copy/New Folder With Items 4/DSC_0042.jpg,2020-04-09 23:54:21,2020-04-07 20:06:46,68808,1,delete
717ffea24abf07809bff6a09d661f0c4,../Photos2 copy/Photos copy 3/New Folder With Items 4/DSC_0033.jpg,2020-04-09 23:54:08,2020-04-07 20:02:54,64334,1,Keep
717ffea24abf07809bff6a09d661f0c4,../Photos2 copy/Photos copy/New Folder With Items 4/DSC_0033.jpg,2020-04-09 23:54:20,2020-04-07 20:02:54,64334,1,delete
7361bc2ea88700bde3feb47b4f2b472d,../Photos2 copy/Photos copy 3/New Folder With Items 5/New Folder With Items 6/f3e52397-2554-44e9-820b-d1d8db74d269.jpg,2020-04-09 23:54:07,2020-04-08 12:51:30,101324,1,Keep
7361bc2ea88700bde3feb47b4f2b472d,../Photos2 copy/Photos copy/New Folder With Items 5/New Folder With Items 6/f3e52397-2554-44e9-820b-d1d8db74d269.jpg,2020-04-09 23:54:20,2020-04-08 12:51:30,101324,1,delete
74198ac70368792400a3a1a0900cc769,../Photos2 copy/Photos copy 3/New Folder With Items/507c61f2-2cc9-46d9-8e0d-720a8ba8a3ba.jpg,2020-04-09 23:54:08,2020-04-07 15:13:46,219012,1,Keep
74198ac70368792400a3a1a0900cc769,../Photos2 copy/Photos copy/New Folder With Items/507c61f2-2cc9-46d9-8e0d-720a8ba8a3ba.jpg,2020-04-09 23:54:21,2020-04-07 15:13:46,219012,1,delete
7563dd09a6e4cf4721f6016cf5735d57,../Photos2 copy/Photos copy 3/New Folder With Items 2/DSC_0010.jpg,2020-04-09 23:54:07,2020-04-07 19:48:48,52444,1,Keep
7563dd09a6e4cf4721f6016cf5735d57,../Photos2 copy/Photos copy/New Folder With Items 2/DSC_0010.jpg,2020-04-09 23:54:20,2020-04-07 19:48:48,52444,1,delete
7d00048c31954a92fa7a97f562372179,../Photos2 copy/Photos copy 3/New Folder With Items 5/DSC_0029.jpg,2020-04-09 23:54:07,2020-04-07 20:01:46,65501,1,Keep
7d00048c31954a92fa7a97f562372179,../Photos2 copy/Photos copy/New Folder With Items 5/DSC_0029.jpg,2020-04-09 23:54:20,2020-04-07 20:01:46,65501,1,delete
81be592e9bd8936c8a16a55ed937f4e0,../Photos2 copy/Photos copy 3/New Folder With Items 5/DSC_0020.jpg,2020-04-09 23:54:07,2020-04-07 19:56:14,47587,1,Keep
81be592e9bd8936c8a16a55ed937f4e0,../Photos2 copy/Photos copy/New Folder With Items 5/DSC_0020.jpg,2020-04-09 23:54:20,2020-04-07 19:56:14,47587,1,delete
89a341abb9eb40c850e2ae010cf5e02a,../Photos2 copy/Photos copy 3/New Folder With Items 2/DSC_0011.jpg,2020-04-09 23:54:07,2020-04-07 19:50:28,44135,1,Keep
89a341abb9eb40c850e2ae010cf5e02a,../Photos2 copy/Photos copy/New Folder With Items 2/DSC_0011.jpg,2020-04-09 23:54:20,2020-04-07 19:50:28,44135,1,delete
9115d4fe2ee2db0f49218591d2385715,../Photos2 copy/Photos copy 3/New Folder With Items 3/DSC_0050.jpg,2020-04-09 23:54:07,2020-04-07 20:09:26,68793,1,Keep
9115d4fe2ee2db0f49218591d2385715,../Photos2 copy/Photos copy/New Folder With Items 3/DSC_0050.jpg,2020-04-09 23:54:20,2020-04-07 20:09:26,68793,1,delete
91d41e764b767ec02265f70b094a73f2,../Photos2 copy/Photos copy 3/New Folder With Items 2/af88413b-190f-4f3c-95bb-8b5f4e320f7e.jpg,2020-04-09 23:54:07,2020-04-08 22:59:26,55570,1,Keep
91d41e764b767ec02265f70b094a73f2,../Photos2 copy/Photos copy/New Folder With Items 2/af88413b-190f-4f3c-95bb-8b5f4e320f7e.jpg,2020-04-09 23:54:20,2020-04-08 22:59:26,55570,1,delete
92c945ef8bb77b0b68f07c6103d41e71,../Photos2 copy/Photos copy 3/New Folder With Items 3/DSC_0047.jpg,2020-04-09 23:54:07,2020-04-07 20:08:44,82314,1,Keep
92c945ef8bb77b0b68f07c6103d41e71,../Photos2 copy/Photos copy/New Folder With Items 3/DSC_0047.jpg,2020-04-09 23:54:20,2020-04-07 20:08:44,82314,1,delete
933827ccd64bd5345025069ddc79451f,../Photos2 copy/New Folder With Items 2/0009845a-53ab-4b7b-838e-3e76fa6a638f copy 2.jpg,2020-04-09 23:53:44,2020-04-07 15:13:26,211440,1,Keep
933827ccd64bd5345025069ddc79451f,../Photos2 copy/New Folder With Items/0009845a-53ab-4b7b-838e-3e76fa6a638f copy 3.jpg,2020-04-09 23:53:44,2020-04-07 15:13:26,211440,1,delete
933827ccd64bd5345025069ddc79451f,../Photos2 copy/New Folder With Items/0009845a-53ab-4b7b-838e-3e76fa6a638f copy.jpg,2020-04-09 23:53:44,2020-04-07 15:13:26,211440,1,delete
933827ccd64bd5345025069ddc79451f,../Photos2 copy/New Folder With Items/0009845a-53ab-4b7b-838e-3e76fa6a638f.jpg,2020-04-09 23:53:44,2020-04-07 15:13:26,211440,1,delete
933827ccd64bd5345025069ddc79451f,../Photos2 copy/Photos copy 3/New Folder With Items/0009845a-53ab-4b7b-838e-3e76fa6a638f copy 2.jpg,2020-04-09 23:54:08,2020-04-07 15:13:26,211440,1,delete
933827ccd64bd5345025069ddc79451f,../Photos2 copy/Photos copy 3/New Folder With Items/0009845a-53ab-4b7b-838e-3e76fa6a638f copy 3.jpg,2020-04-09 23:54:08,2020-04-07 15:13:26,211440,1,delete
933827ccd64bd5345025069ddc79451f,../Photos2 copy/Photos copy 3/New Folder With Items/0009845a-53ab-4b7b-838e-3e76fa6a638f copy.jpg,2020-04-09 23:54:08,2020-04-07 15:13:26,211440,1,delete
933827ccd64bd5345025069ddc79451f,../Photos2 copy/Photos copy 3/New Folder With Items/0009845a-53ab-4b7b-838e-3e76fa6a638f.jpg,2020-04-09 23:54:08,2020-04-07 15:13:26,211440,1,delete
933827ccd64bd5345025069ddc79451f,../Photos2 copy/Photos copy/New Folder With Items/0009845a-53ab-4b7b-838e-3e76fa6a638f copy 2.jpg,2020-04-09 23:54:21,2020-04-07 15:13:26,211440,1,delete
933827ccd64bd5345025069ddc79451f,../Photos2 copy/Photos copy/New Folder With Items/0009845a-53ab-4b7b-838e-3e76fa6a638f copy 3.jpg,2020-04-09 23:54:21,2020-04-07 15:13:26,211440,1,delete
933827ccd64bd5345025069ddc79451f,../Photos2 copy/Photos copy/New Folder With Items/0009845a-53ab-4b7b-838e-3e76fa6a638f copy.jpg,2020-04-09 23:54:21,2020-04-07 15:13:26,211440,1,delete
933827ccd64bd5345025069ddc79451f,../Photos2 copy/Photos copy/New Folder With Items/0009845a-53ab-4b7b-838e-3e76fa6a638f.jpg,2020-04-09 23:54:21,2020-04-07 15:13:26,211440,1,delete
97fdeadf46f47104cd79420f28015d44,../Photos2 copy/Photos copy 3/New Folder With Items 5/New Folder With Items 6/DSC_0016.jpg,2020-04-09 23:54:07,2020-04-07 19:53:50,50041,1,Keep
97fdeadf46f47104cd79420f28015d44,../Photos2 copy/Photos copy/New Folder With Items 5/New Folder With Items 6/DSC_0016.jpg,2020-04-09 23:54:20,2020-04-07 19:53:50,50041,1,delete
a87ce3dcfe82de7cc94c02c63516d948,../Photos2 copy/Photos copy 3/New Folder With Items 2/DSC_0013.jpg,2020-04-09 23:54:07,2020-04-07 19:52:02,38623,1,Keep
a87ce3dcfe82de7cc94c02c63516d948,../Photos2 copy/Photos copy/New Folder With Items 2/DSC_0013.jpg,2020-04-09 23:54:20,2020-04-07 19:52:02,38623,1,delete
ac30e5f00f3a848e6b174b081de267f8,../Photos2 copy/Photos copy 3/New Folder With Items 4/DSC_0040 copy.jpg,2020-04-09 23:54:08,2020-04-07 20:06:04,72695,1,Keep
ac30e5f00f3a848e6b174b081de267f8,../Photos2 copy/Photos copy 3/New Folder With Items 4/DSC_0040.jpg,2020-04-09 23:54:08,2020-04-07 20:06:04,72695,1,delete
ac30e5f00f3a848e6b174b081de267f8,../Photos2 copy/Photos copy/New Folder With Items 4/DSC_0040 copy.jpg,2020-04-09 23:54:20,2020-04-07 20:06:04,72695,1,delete
ac30e5f00f3a848e6b174b081de267f8,../Photos2 copy/Photos copy/New Folder With Items 4/DSC_0040.jpg,2020-04-09 23:54:21,2020-04-07 20:06:04,72695,1,delete
afd165573dd62113bdbf71311cbb503f,../Photos2 copy/Photos copy 3/New Folder With Items/37f16d12-a798-49a9-a145-e04c167e54c0.jpg,2020-04-09 23:54:08,2020-04-07 15:13:46,180526,1,Keep
afd165573dd62113bdbf71311cbb503f,../Photos2 copy/Photos copy/New Folder With Items/37f16d12-a798-49a9-a145-e04c167e54c0.jpg,2020-04-09 23:54:21,2020-04-07 15:13:46,180526,1,delete
b0e9e86bffc42a162b6fb19cbe00034c,../Photos2 copy/Photos copy 3/New Folder With Items 4/DSC_0035.jpg,2020-04-09 23:54:08,2020-04-07 20:03:20,65777,1,Keep
b0e9e86bffc42a162b6fb19cbe00034c,../Photos2 copy/Photos copy/New Folder With Items 4/DSC_0035.jpg,2020-04-09 23:54:21,2020-04-07 20:03:20,65777,1,delete
b26dc13c47c6db67c972435ae3e56a06,../Photos2 copy/Photos copy 3/New Folder With Items 4/DSC_0032.jpg,2020-04-09 23:54:08,2020-04-07 20:02:34,66525,1,Keep
b26dc13c47c6db67c972435ae3e56a06,../Photos2 copy/Photos copy/New Folder With Items 4/DSC_0032.jpg,2020-04-09 23:54:20,2020-04-07 20:02:34,66525,1,delete
b777dfc6904cee5e244c9da08bc84613,../Photos2 copy/Photos copy 3/New Folder With Items/444f74e6-7d14-4324-a891-d53ab2109571.jpg,2020-04-09 23:54:08,2020-04-08 14:07:36,43238,1,Keep
b777dfc6904cee5e244c9da08bc84613,../Photos2 copy/Photos copy/New Folder With Items/444f74e6-7d14-4324-a891-d53ab2109571.jpg,2020-04-09 23:54:21,2020-04-08 14:07:36,43238,1,delete
b8cc4ead5b44bdd8e994c21287e618e8,../Photos2 copy/Photos copy 3/New Folder With Items 5/DSC_0030.jpg,2020-04-09 23:54:07,2020-04-07 20:02:04,66724,1,Keep
b8cc4ead5b44bdd8e994c21287e618e8,../Photos2 copy/Photos copy/New Folder With Items 5/DSC_0030.jpg,2020-04-09 23:54:20,2020-04-07 20:02:04,66724,1,delete
bc7c575b4ec079f684e0c19f55fb3042,../Photos2 copy/Photos copy 3/New Folder With Items 5/DSC_0026.jpg,2020-04-09 23:54:07,2020-04-07 20:00:24,65416,1,Keep
bc7c575b4ec079f684e0c19f55fb3042,../Photos2 copy/Photos copy/New Folder With Items 5/DSC_0026.jpg,2020-04-09 23:54:20,2020-04-07 20:00:24,65416,1,delete
c06af70c7657c2f863027ef1c16a7425,../Photos2 copy/Photos copy 3/New Folder With Items 4/DSC_0039.jpg,2020-04-09 23:54:08,2020-04-07 20:05:38,70608,1,Keep
c06af70c7657c2f863027ef1c16a7425,../Photos2 copy/Photos copy/New Folder With Items 4/DSC_0039.jpg,2020-04-09 23:54:21,2020-04-07 20:05:38,70608,1,delete
c501dc8ca61bd574de4efdd71e4cfba4,../Photos2 copy/Photos copy 3/New Folder With Items 4/DSC_0037.jpg,2020-04-09 23:54:08,2020-04-07 20:03:40,63610,1,Keep
c501dc8ca61bd574de4efdd71e4cfba4,../Photos2 copy/Photos copy/New Folder With Items 4/DSC_0037.jpg,2020-04-09 23:54:20,2020-04-07 20:03:40,63610,1,delete
cc5e1128d73fa665d69939e6c088da18,../Photos2 copy/Photos copy 3/New Folder With Items 4/DSC_0057 copy.jpg,2020-04-09 23:54:08,2020-04-07 20:11:12,72113,1,Keep
cc5e1128d73fa665d69939e6c088da18,../Photos2 copy/Photos copy 3/New Folder With Items 4/DSC_0057.jpg,2020-04-09 23:54:08,2020-04-07 20:11:12,72113,1,delete
cc5e1128d73fa665d69939e6c088da18,../Photos2 copy/Photos copy/New Folder With Items 4/DSC_0057 copy.jpg,2020-04-09 23:54:20,2020-04-07 20:11:12,72113,1,delete
cc5e1128d73fa665d69939e6c088da18,../Photos2 copy/Photos copy/New Folder With Items 4/DSC_0057.jpg,2020-04-09 23:54:21,2020-04-07 20:11:12,72113,1,delete
d1209a226f676d9f92e742100987671b,../Photos2 copy/Photos copy 3/New Folder With Items 2/DSC_0014.jpg,2020-04-09 23:54:07,2020-04-07 19:52:30,40506,1,Keep
d1209a226f676d9f92e742100987671b,../Photos2 copy/Photos copy/New Folder With Items 2/DSC_0014.jpg,2020-04-09 23:54:20,2020-04-07 19:52:30,40506,1,delete
d1328294695f0887722605bc66c0aa63,../Photos2 copy/Photos copy 3/New Folder With Items 5/New Folder With Items 6/DSC_0017.jpg,2020-04-09 23:54:07,2020-04-07 19:54:18,49651,1,Keep
d1328294695f0887722605bc66c0aa63,../Photos2 copy/Photos copy/New Folder With Items 5/New Folder With Items 6/DSC_0017.jpg,2020-04-09 23:54:20,2020-04-07 19:54:18,49651,1,delete
d3773a9b2bf4fac3ffe8656e253195eb,../Photos2 copy/Photos copy 3/New Folder With Items/2a42e755-9ac0-4d36-b1ee-aae61aa89720.jpg,2020-04-09 23:54:08,2020-04-07 14:38:00,200922,1,Keep
d3773a9b2bf4fac3ffe8656e253195eb,../Photos2 copy/Photos copy/New Folder With Items/2a42e755-9ac0-4d36-b1ee-aae61aa89720.jpg,2020-04-09 23:54:21,2020-04-07 14:38:00,200922,1,delete
df99a3bd654a3d4619e963c41a01862f,../Photos2 copy/Photos copy 3/New Folder With Items 5/DSC_0023.jpg,2020-04-09 23:54:07,2020-04-07 19:59:16,66973,1,Keep
df99a3bd654a3d4619e963c41a01862f,../Photos2 copy/Photos copy/New Folder With Items 5/DSC_0023.jpg,2020-04-09 23:54:20,2020-04-07 19:59:16,66973,1,delete
e4c11f8ebaec043522fc2ace6c4fd197,../Photos2 copy/Photos copy 3/New Folder With Items 2/11345d81-38e5-424e-9160-2d2f5ef4b51b.jpg,2020-04-09 23:54:07,2020-04-07 15:13:26,183917,1,Keep
e4c11f8ebaec043522fc2ace6c4fd197,../Photos2 copy/Photos copy/New Folder With Items 2/11345d81-38e5-424e-9160-2d2f5ef4b51b.jpg,2020-04-09 23:54:20,2020-04-07 15:13:26,183917,1,delete
e86bdc1207082de70c7cb76938a33e1c,../Photos2 copy/Photos copy 3/New Folder With Items 5/DSC_0027.jpg,2020-04-09 23:54:07,2020-04-07 20:00:56,67306,1,Keep
e86bdc1207082de70c7cb76938a33e1c,../Photos2 copy/Photos copy/New Folder With Items 5/DSC_0027.jpg,2020-04-09 23:54:20,2020-04-07 20:00:56,67306,1,delete
eadbf7dd1c8d30f471f6ada31fe6a467,../Photos2 copy/Photos copy 3/New Folder With Items 3/DSC_0044.jpg,2020-04-09 23:54:07,2020-04-07 20:07:18,67241,1,Keep
eadbf7dd1c8d30f471f6ada31fe6a467,../Photos2 copy/Photos copy/New Folder With Items 3/DSC_0044.jpg,2020-04-09 23:54:20,2020-04-07 20:07:18,67241,1,delete
f2176243068a5291219ea2acbe512026,../Photos2 copy/Photos copy 3/New Folder With Items 2/a2be1426-9552-4b5d-9687-7463e378b2f1.jpg,2020-04-09 23:54:07,2020-04-07 11:34:28,55932,1,Keep
f2176243068a5291219ea2acbe512026,../Photos2 copy/Photos copy/New Folder With Items 2/a2be1426-9552-4b5d-9687-7463e378b2f1.jpg,2020-04-09 23:54:20,2020-04-07 11:34:28,55932,1,delete
f552b34bfaec0b1c49939c8de5bf09cd,../Photos2 copy/Photos copy 3/New Folder With Items 5/DSC_0028.jpg,2020-04-09 23:54:07,2020-04-07 20:01:20,62450,1,Keep
f552b34bfaec0b1c49939c8de5bf09cd,../Photos2 copy/Photos copy/New Folder With Items 5/DSC_0028.jpg,2020-04-09 23:54:20,2020-04-07 20:01:20,62450,1,delete
f59d6ec3df66537b0f82622db13a6d22,../Photos2 copy/Photos copy 3/New Folder With Items 3/DSC_0045.jpg,2020-04-09 23:54:07,2020-04-07 20:07:36,69595,1,Keep
f59d6ec3df66537b0f82622db13a6d22,../Photos2 copy/Photos copy/New Folder With Items 3/DSC_0045.jpg,2020-04-09 23:54:20,2020-04-07 20:07:36,69595,1,delete
f67308e65280f43c78398f1c9da6c52d,../Photos2 copy/Photos copy 3/New Folder With Items 4/DSC_0041 copy.jpg,2020-04-09 23:54:08,2020-04-07 20:06:24,71509,1,Keep
f67308e65280f43c78398f1c9da6c52d,../Photos2 copy/Photos copy 3/New Folder With Items 4/DSC_0041.jpg,2020-04-09 23:54:08,2020-04-07 20:06:24,71509,1,delete
f67308e65280f43c78398f1c9da6c52d,../Photos2 copy/Photos copy/New Folder With Items 4/DSC_0041 copy.jpg,2020-04-09 23:54:20,2020-04-07 20:06:24,71509,1,delete
f67308e65280f43c78398f1c9da6c52d,../Photos2 copy/Photos copy/New Folder With Items 4/DSC_0041.jpg,2020-04-09 23:54:21,2020-04-07 20:06:24,71509,1,delete
fc1aaa672f02efd05d7a2384e947c227,../Photos2 copy/Photos copy 3/New Folder With Items 5/DSC_0025.jpg,2020-04-09 23:54:07,2020-04-07 20:00:08,66579,1,Keep
fc1aaa672f02efd05d7a2384e947c227,../Photos2 copy/Photos copy/New Folder With Items 5/DSC_0025.jpg,2020-04-09 23:54:20,2020-04-07 20:00:08,66579,1,delete
